{"current":{"color_body_background":"#fffbf4","accent_color":"#e8f3f6","color_body_text":"#171717","color_body_link":"#286070","color_sale_text":"#d72923","color_rating_star":"#ffa18a","header_bck_color":"#fffbf4","logo_text_color":"#171717","header_text_color":"#171717","mobile_open_search_bar_color":"#333333","main_menu_bck_color":"#fffbf4","main_menu_link_color":"#171717","mobile_menu_bck_color":"#fffbf4","store_messages_bck_color":"#dbdbed","store_messages_txt_color":"#286070","footer_text_color":"#092331","footer_bck_color":"#dff1ee","primary_btn_background":"#286070","primary_btn_text":"#ffffff","secondary_btn_background":"#ffa18a","secondary_btn_text":"#092331","quickbuy_form_background":"#fffbf4","quickbuy_form_text":"#171717","zoom_bg":"#fffbf4","collection_feature_header_background":"#fffbf4","type_heading_font":"itc_caslon_no_224_n9","font_size_heading_int":34,"line_height_heading":1.2,"letter_spacing_heading":0,"uppercase_headings":false,"type_base_font":"poppins_n3","font_size_body_int":16,"line_height_body":1.5,"letter_spacing_body":0,"type_nav_font":"poppins_n3","font_size_nav_int":16,"letter_spacing_nav":0,"type_logo_font":"serif","font_size_logo_int":24,"uppercase_product_titles":false,"uppercase_buttons":false,"global_border_radius":15,"button_border_radius":5,"hover_image_enabled":true,"sale_label_enabled":true,"sold_label_enabled":true,"product_grid_image_shape":"square","prod_thumb_crop":true,"prod_thumb_crop_align":"center","variant_style":"dropdown","quickbuy_buttons_toggle":true,"quickbuy_labels_toggle":true,"show_tax_and_shipping":false,"quickbuy_show_backorder_text":true,"enable_payment_button":false,"show_gift_card_recipient":true,"swatch_enabled_productpage":true,"swatch_option_name":"Color","swatch_method":"standard","swatch_enabled_grid":true,"swatch_enabled":true,"social_instagram_url":"http:\/\/instagram.com\/shopify","social_custom_icon_footer":"shopify:\/\/shop_images\/FSG-Main_Logo.png","social_custom_icon_mobile":"shopify:\/\/shop_images\/FSG-Main_Logo.png","on_add_to_cart":"go_to_cart","search_type":"product,article,page","enable_live_search":true,"live_search_show_price":true,"live_search_show_vendor":true,"checkout_header_image":"shopify:\/\/shop_images\/3B0B6FE9-6A1A-4819-862C-10D41665998D.jpg","checkout_logo_image":"shopify:\/\/shop_images\/FSG-Main_Logo.png","checkout_body_background_color":"#fffbf4","checkout_sidebar_background_color":"#fffbf4","primary_btn_border":"#212b36","secondary_btn_border":"#dfe3e8","announcement_bar_bck_color":"#266070","announcement_bar_txt_color":"#ffffff","align_product_titles":true,"overlay_opacity":90,"quickbuy_background":"#ffffff","quickbuy_text":"#080a1c","sections":{"footer":{"type":"footer","blocks":{"menu":{"type":"link_list","settings":{"heading":"Finnegan's Standard Goods","menu":"footer"}},"text":{"type":"text","settings":{"heading":"","text":"<p><strong> Proudly designed and manufactured in San Francisco, California for over two decades. We take pride in our commitment to quality and creativity.<\/strong><\/p>","enable_follow_on_shop":true}},"link_list_EdnaEa":{"type":"link_list","settings":{"heading":"Missions","menu":"mission"}},"social":{"type":"social","settings":{"heading":"Follow us","enable_follow_on_shop":true}}},"block_order":["menu","text","link_list_EdnaEa","social"],"settings":{"small_linklist":"","show_powered_by":true,"show_payment_icons":true,"sticky_footer":true,"show_country_selector":true,"show_language_selector":true,"show_subscribe_form":true,"subscribe_title":"Get updates","subscribe_label":"Email address","subscribe_button":"Sign up","subscribe_description":""}},"banner":{"type":"banner","blocks":{"banner-0":{"type":"image","settings":{"image_link":"","color_overlay_bg":"#ffffff","overlay_opacity":80,"color_overlay_text":"#333333","text_alignment":"center","overlay_position_x":50,"overlay_position_y":80,"overlay_title":"Hero slideshow","enlarge_title":false,"overlay_title_width":100,"styled_words":"","words_style":"stencil","highlight_words_top":10,"highlight_color":"#ffffff","styled_word_color":"#5d68bf","overlay_text":"Use this full width section to welcome customers to your store, share some news or say something about your brand","enlarge_text":false,"overlay_url_text_1":"Optional buttons","overlay_url_1":"","overlay_url_text_2":"Optional buttons","overlay_url_2":"","overlay_url_style":"button_1","color_label_background":"#ffffff","color_label_text":"#333333","show_chevron":true,"product_id_1":"","chevron_position_1":"right","label_position_x_1":20,"label_position_y_1":30,"product_id_2":"","chevron_position_2":"right","label_position_x_2":80,"label_position_y_2":50}},"banner-1":{"type":"image","settings":{"image_link":"","color_overlay_bg":"#ffffff","overlay_opacity":80,"color_overlay_text":"#333333","text_alignment":"center","overlay_position_x":50,"overlay_position_y":80,"overlay_title":"Hero slideshow","enlarge_title":false,"overlay_title_width":100,"styled_words":"","words_style":"stencil","highlight_words_top":10,"highlight_color":"#ffffff","styled_word_color":"#5d68bf","overlay_text":"Use this full width section to welcome customers to your store, share some news or say something about your brand","enlarge_text":false,"overlay_url_text_1":"Optional buttons","overlay_url_1":"","overlay_url_text_2":"Optional buttons","overlay_url_2":"","overlay_url_style":"button_1","color_label_background":"#ffffff","color_label_text":"#333333","show_chevron":true,"product_id_1":"","chevron_position_1":"right","label_position_x_1":20,"label_position_y_1":30,"product_id_2":"","chevron_position_2":"right","label_position_x_2":80,"label_position_y_2":50}}},"block_order":["banner-0","banner-1"],"settings":{"show_banner":false,"height":"fixed","height_desktop":500,"height_mobile":400,"mobile_text_below":true,"slide_transition":"slide","slideshow_autoplay":true,"slideshow_autoplay_speed":6}}},"content_for_index":[],"blocks":{"319724205969189013":{"type":"shopify:\/\/apps\/hulk-form-builder\/blocks\/app-embed\/b6b8dd14-356b-4725-a4ed-77232212b3c3","disabled":false,"settings":{}}}},"presets":{"Spark":{"color_body_background":"#ffffff","accent_color":"#d5f3f3","accent_gradient":"linear-gradient(180deg, rgba(196, 236, 236, 1), rgba(255, 255, 255, 1) 98%)","color_body_text":"#230051","color_body_link":"#47c1bf","color_sale_text":"#cd201a","color_rating_star":"#f5c346","header_bck_color":"#ffffff","logo_text_color":"#230051","header_text_color":"#230051","mobile_open_search_bar_color":"#f4f6f8","main_menu_bck_color":"#f4f6f8","main_menu_link_color":"#230051","mobile_menu_bck_color":"#f9dddd","store_messages_bck_color":"#47c1bf","store_messages_txt_color":"#fff","footer_text_color":"#ffffff","footer_bck_color":"#00848e","primary_btn_background":"#50248f","primary_btn_text":"#ffffff","primary_btn_border":"#50248f","secondary_btn_background":"#ffffff","secondary_btn_text":"#230051","secondary_btn_border":"#f9fafb","quickbuy_form_background":"#ebf5fa","quickbuy_form_text":"#230051","zoom_bg":"#230051","collection_feature_header_background":"#42467e","type_heading_font":"nunito_n8","font_size_heading_int":34,"line_height_heading":1.2,"letter_spacing_heading":0,"uppercase_headings":false,"type_base_font":"nunito_n4","font_size_body_int":18,"line_height_body":1.6,"type_nav_font":"nunito_n7","font_size_nav_int":17,"type_logo_font":"nunito_n8","font_size_logo_int":24,"uppercase_product_titles":false,"animation_speed":"fast","site_width":1600,"global_border_radius":30,"button_border_radius":25,"hover_image_enabled":false,"sale_label_enabled":true,"sold_label_enabled":true,"variant_style":"listed","quickbuy_buttons_toggle":true,"quickbuy_labels_toggle":true,"show_tax_and_shipping":false,"quickbuy_show_backorder_text":true,"enable_payment_button":true,"swatch_enabled_productpage":true,"swatch_option_name":"Color","swatch_method":"standard","on_add_to_cart":"ajax","search_type":"product","enable_live_search":true,"live_search_show_price":true,"live_search_show_vendor":false,"announcement_bar_bck_color":"#43467f","announcement_bar_txt_color":"#ffffff","align_product_titles":false,"grid_show_vendor":false,"filter_bar_colour":"#47c1bf","overlay_opacity":80,"quickbuy_background":"#ffffff","quickbuy_text":"#230051","sections":{"footer":{"type":"footer","blocks":{"menu":{"type":"link_list","settings":{}},"text":{"type":"text","settings":{}},"social":{"type":"social","settings":{}}},"block_order":["menu","text","social"],"settings":{"show_payment_icons":true,"sticky_footer":false,"show_subscribe_form":true}}}},"Flourish":{"color_body_background":"#ffffff","accent_color":"#e7cff9","accent_gradient":"linear-gradient(180deg, rgba(244, 244, 244, 1), rgba(255, 255, 255, 1) 100%)","color_body_text":"#212b36","color_body_link":"#461ea1","color_sale_text":"#cd201a","color_rating_star":"#43467f","header_bck_color":"#ffffff","logo_text_color":"#212b36","header_text_color":"#212b36","mobile_open_search_bar_color":"#f4f4f4","main_menu_bck_color":"#ffffff","main_menu_link_color":"#212b36","mobile_menu_bck_color":"#f4f4f4","store_messages_bck_color":"#e7cff9","store_messages_txt_color":"#212b36","footer_text_color":"#212b36","footer_bck_color":"#f4f4f4","primary_btn_background":"#212b36","primary_btn_text":"#ffffff","primary_btn_border":"#212b36","secondary_btn_background":"#ffffff","secondary_btn_text":"#212b36","secondary_btn_border":"#dfe3e8","quickbuy_form_background":"#f4f4f4","quickbuy_form_text":"#212b36","zoom_bg":"#212b36","collection_feature_header_background":"#f4f4f4","type_heading_font":"questrial_n4","line_height_heading":1.3,"letter_spacing_heading":25,"uppercase_headings":false,"type_base_font":"questrial_n4","font_size_body_int":16,"line_height_body":1.5,"letter_spacing_body":25,"type_nav_font":"questrial_n4","font_size_nav_int":16,"type_logo_font":"poppins_n5","font_size_logo_int":34,"letter_spacing_logo":-50,"uppercase_product_titles":false,"button_hover":false,"global_border_radius":0,"hover_image_enabled":true,"sale_label_enabled":true,"sold_label_enabled":true,"variant_style":"listed","quickbuy_buttons_toggle":true,"quickbuy_labels_toggle":true,"show_tax_and_shipping":false,"quickbuy_show_quantity_selector":true,"quickbuy_show_backorder_text":true,"enable_payment_button":false,"swatch_enabled_productpage":true,"swatch_option_name":"Color","swatch_method":"image","swatch_crop_align":"top","swatch_enabled_grid":true,"swatch_enabled":true,"on_add_to_cart":"ajax","search_type":"product","enable_live_search":true,"live_search_show_price":true,"live_search_show_vendor":false,"announcement_bar_bck_color":"#43467f","announcement_bar_txt_color":"#ffffff","align_product_titles":false,"grid_show_vendor":false,"filter_bar_colour":"#ffffff","overlay_opacity":80,"quickbuy_background":"#ffffff","quickbuy_text":"#212b36","sections":{"footer":{"type":"footer","blocks":{"menu":{"type":"link_list","settings":{}},"text":{"type":"text","settings":{}},"social":{"type":"social","settings":{}}},"block_order":["menu","text","social"],"settings":{"show_payment_icons":true,"sticky_footer":false,"show_subscribe_form":true}}}},"Bloom":{"color_body_background":"#fffbf4","accent_color":"#e8f3f6","color_body_text":"#171717","color_body_link":"#286070","color_sale_text":"#d72923","color_rating_star":"#ffa18a","header_bck_color":"#fffbf4","logo_text_color":"#171717","header_text_color":"#171717","mobile_open_search_bar_color":"#333333","main_menu_bck_color":"#fffbf4","main_menu_link_color":"#171717","mobile_menu_bck_color":"#fffbf4","store_messages_bck_color":"#dbdbed","store_messages_txt_color":"#286070","footer_text_color":"#092331","footer_bck_color":"#dff1ee","primary_btn_background":"#286070","primary_btn_text":"#ffffff","primary_btn_border":"#212b36","secondary_btn_background":"#ffa18a","secondary_btn_text":"#092331","secondary_btn_border":"#dfe3e8","quickbuy_form_background":"#fffbf4","quickbuy_form_text":"#171717","zoom_bg":"#fffbf4","collection_feature_header_background":"#fffbf4","type_heading_font":"itc_caslon_no_224_n9","font_size_heading_int":34,"line_height_heading":1.2,"letter_spacing_heading":0,"uppercase_headings":false,"type_base_font":"poppins_n3","font_size_body_int":16,"line_height_body":1.5,"letter_spacing_body":0,"type_nav_font":"poppins_n3","font_size_nav_int":16,"letter_spacing_nav":0,"type_logo_font":"serif","font_size_logo_int":24,"uppercase_product_titles":false,"uppercase_buttons":false,"global_border_radius":15,"button_border_radius":5,"hover_image_enabled":true,"sale_label_enabled":true,"sold_label_enabled":true,"variant_style":"listed","quickbuy_buttons_toggle":true,"quickbuy_labels_toggle":true,"show_tax_and_shipping":false,"quickbuy_show_backorder_text":true,"enable_payment_button":true,"swatch_enabled_productpage":true,"swatch_option_name":"Color","swatch_method":"standard","swatch_enabled_grid":true,"swatch_enabled":true,"on_add_to_cart":"ajax","search_type":"product,article,page","enable_live_search":true,"live_search_show_price":true,"live_search_show_vendor":false,"announcement_bar_bck_color":"#266070","announcement_bar_txt_color":"#ffffff","align_product_titles":true,"overlay_opacity":90,"quickbuy_background":"#ffffff","quickbuy_text":"#080a1c","sections":{"footer":{"type":"footer","blocks":{"menu":{"type":"link_list","settings":{}},"text":{"type":"text","settings":{}},"social":{"type":"social","settings":{}}},"block_order":["menu","text","social"],"settings":{"show_payment_icons":true,"sticky_footer":true,"show_subscribe_form":true}}}},"Inspire":{"color_body_background":"#ffffff","accent_color":"rgba(0,0,0,0)","color_body_text":"#202020","color_body_link":"#ff9000","color_sale_text":"#cd201a","color_rating_star":"#ffba22","header_bck_color":"#ffffff","logo_text_color":"#202020","header_text_color":"#202020","mobile_open_search_bar_color":"#202020","main_menu_bck_color":"#f4f4f4","main_menu_link_color":"#202020","mobile_menu_bck_color":"#ffffff","store_messages_bck_color":"#202020","store_messages_txt_color":"#ffffff","footer_text_color":"#ffffff","footer_bck_color":"#202020","primary_btn_background":"#202020","primary_btn_text":"#ffffff","primary_btn_border":"#212b36","secondary_btn_background":"#efefef","secondary_btn_text":"#202020","secondary_btn_border":"#dfe3e8","quickbuy_form_background":"#efefef","quickbuy_form_text":"#202020","zoom_bg":"#202020","collection_feature_header_background":"#202020","type_heading_font":"archivo_narrow_i7","font_size_heading_int":34,"line_height_heading":1.1,"letter_spacing_heading":0,"uppercase_headings":false,"type_base_font":"archivo_narrow_n4","font_size_body_int":18,"line_height_body":1.5,"letter_spacing_body":25,"type_nav_font":"archivo_narrow_n4","font_size_nav_int":18,"letter_spacing_nav":25,"type_logo_font":"archivo_narrow_i7","font_size_logo_int":24,"uppercase_product_titles":false,"button_hover":false,"global_border_radius":0,"hover_image_enabled":true,"sale_label_enabled":true,"sold_label_enabled":true,"variant_style":"listed","quickbuy_buttons_toggle":true,"quickbuy_labels_toggle":true,"show_tax_and_shipping":false,"quickbuy_show_backorder_text":true,"enable_payment_button":false,"swatch_enabled_productpage":true,"swatch_option_name":"Color","swatch_method":"image","swatch_enabled_grid":false,"swatch_enabled":true,"on_add_to_cart":"ajax","search_type":"product","enable_live_search":true,"live_search_show_price":true,"live_search_show_vendor":false,"announcement_bar_bck_color":"#202020","announcement_bar_txt_color":"#efefef","align_product_titles":false,"grid_show_vendor":false,"filter_bar_colour":"#ffffff","overlay_opacity":90,"quickbuy_background":"#ffffff","quickbuy_text":"#080a1c","sections":{"footer":{"type":"footer","blocks":{"menu":{"type":"link_list","settings":{}},"text":{"type":"text","settings":{}},"social":{"type":"social","settings":{}}},"block_order":["menu","text","social"],"settings":{"show_payment_icons":true,"sticky_footer":true,"show_subscribe_form":true}}}}}}