[
  {
    "name": "theme_info",
    "theme_name": "Boost",
    "theme_version": "6.2.0",
    "theme_author": "Clean Canvas",
    "theme_documentation_url": "http:\/\/cleancanvas.co.uk\/support\/boost\/",
    "theme_support_url": "http:\/\/cleancanvas.co.uk\/support\/boost\/"
  },
  {
    "name": "Colors",
    "settings": [
      {
        "type": "header",
        "content": "General"
      },
      {
        "type": "color",
        "id": "color_body_background",
        "label": "Background",
        "default": "#ffffff"
      },
      {
        "type": "color",
        "id": "accent_color",
        "label": "Home page accent background color",
        "default": "#b5e0fa"
      },
      {
        "type": "color_background",
        "id": "accent_gradient",
        "label": "Home page accent background gradient",
        "info": "If set, replaces accent background color"
      },
      {
        "type": "color",
        "id": "color_body_text",
        "label": "Text",
        "default": "#333333"
      },
      {
        "type": "color",
        "id": "color_body_link",
        "label": "Links",
        "default": "#5d68bf"
      },
      {
        "type": "color",
        "id": "color_sale_text",
        "label": "Sale prices and labels",
        "default": "#cd201a"
      },
      {
        "type": "color",
        "id": "color_rating_star",
        "label": "Rating stars",
        "default": "#f5c346"
      },
      {
        "type": "header",
        "content": "Header"
      },
      {
        "type": "color",
        "id": "header_bck_color",
        "label": "Background",
        "default": "#ffffff"
      },
      {
        "type": "color",
        "id": "logo_text_color",
        "label": "Store name",
        "info": "When logo image not selected",
        "default": "#006699"
      },
      {
        "type": "color",
        "id": "header_text_color",
        "label": "Text and icons",
        "default": "#333333"
      },
      {
        "type": "color",
        "id": "mobile_open_search_bar_color",
        "label": "Mobile open search bar",
        "default": "#ECF1F2"
      },
      {
        "type": "header",
        "content": "Navigation"
      },
      {
        "type": "color",
        "id": "main_menu_bck_color",
        "label": "Background",
        "default": "#333333"
      },
      {
        "type": "color",
        "id": "main_menu_link_color",
        "label": "Text",
        "default": "#ffffff"
      },
      {
        "type": "color",
        "id": "mobile_menu_bck_color",
        "label": "Mobile menu background",
        "default": "#000639"
      },
      {
        "type": "header",
        "content": "Store messages"
      },
      {
        "type": "color",
        "id": "store_messages_bck_color",
        "label": "Background",
        "default": "#fff"
      },
      {
        "type": "color",
        "id": "store_messages_txt_color",
        "label": "Text",
        "default": "#fff"
      },
      {
        "type": "header",
        "content": "Footer"
      },
      {
        "type": "color",
        "id": "footer_text_color",
        "label": "Text",
        "default": "#333333"
      },
      {
        "type": "color",
        "id": "footer_bck_color",
        "label": "Background",
        "default": "#f2f2f2"
      },
      {
        "type": "color_background",
        "id": "footer_bck_gradient",
        "label": "Background gradient",
        "info": "If set, replaces background color"
      },
      {
        "type": "header",
        "content": "Buttons"
      },
      {
        "type": "color",
        "id": "primary_btn_background",
        "label": "Primary button background",
        "default": "#333333"
      },
      {
        "type": "color",
        "id": "primary_btn_text",
        "label": "Primary button text",
        "default": "#ffffff"
      },
      {
        "type": "color",
        "id": "secondary_btn_background",
        "label": "Secondary button background",
        "default": "#ffffff"
      },
      {
        "type": "color",
        "id": "secondary_btn_text",
        "label": "Secondary button text",
        "default": "#333333"
      },
      {
        "type": "header",
        "content": "Quick buy"
      },
      {
        "type": "color",
        "id": "quickbuy_form_background",
        "label": "Form background",
        "default": "#f9f9f9"
      },
      {
        "type": "color",
        "id": "quickbuy_form_text",
        "label": "Form text",
        "default": "#333333"
      },
      {
        "type": "header",
        "content": "Product page"
      },
      {
        "type": "color",
        "id": "zoom_bg",
        "label": "Image zoom background",
        "default": "#000000"
      },
      {
        "type": "color",
        "id": "color_in_stock",
        "label": "Inventory notice - in stock",
        "default": "#3f8545"
      },
      {
        "type": "color",
        "id": "color_low_stock",
        "label": "Inventory notice - low stock",
        "default": "#cd201a"
      },
      {
        "type": "header",
        "content": "Collection pages"
      },
      {
        "type": "color",
        "id": "collection_feature_header_background",
        "label": "Feature header background",
        "default": "#42467e",
        "info": "Can be customized per-collection on the collection page"
      }
    ]
  },
  {
    "name": "Typography",
    "settings": [
      {
        "type": "header",
        "content": "Headings"
      },
      {
        "type": "font_picker",
        "id": "type_heading_font",
        "label": "Font",
        "default": "vollkorn_n4"
      },
      {
        "type": "range",
        "id": "font_size_heading_int",
        "min": 20,
        "max": 60,
        "step": 1,
        "unit": "px",
        "label": "Base size",
        "default": 34
      },
      {
        "type": "range",
        "id": "line_height_heading",
        "min": 0.8,
        "max": 2,
        "step": 0.1,
        "unit": "em",
        "label": "Line height",
        "default": 1.3
      },
      {
        "type": "range",
        "id": "letter_spacing_heading",
        "min": -50,
        "max": 200,
        "step": 25,
        "label": "Letter spacing",
        "default": 0
      },
      {
        "type": "checkbox",
        "id": "uppercase_headings",
        "label": "Uppercase",
        "default": false
      },
      {
        "type": "header",
        "content": "Body text"
      },
      {
        "type": "font_picker",
        "id": "type_base_font",
        "label": "Font",
        "default": "cabin_n4"
      },
      {
        "type": "range",
        "id": "font_size_body_int",
        "min": 12,
        "max": 22,
        "step": 1,
        "unit": "px",
        "label": "Base size",
        "default": 16
      },
      {
        "type": "range",
        "id": "line_height_body",
        "min": 1,
        "max": 2,
        "step": 0.1,
        "unit": "em",
        "label": "Line height",
        "default": 1.5
      },
      {
        "type": "range",
        "id": "letter_spacing_body",
        "min": -50,
        "max": 200,
        "step": 25,
        "label": "Letter spacing",
        "default": 0
      },
      {
        "type": "header",
        "content": "Navigation"
      },
      {
        "type": "font_picker",
        "id": "type_nav_font",
        "label": "Font",
        "default": "cabin_n5"
      },
      {
        "type": "range",
        "id": "font_size_nav_int",
        "min": 12,
        "max": 22,
        "step": 1,
        "unit": "px",
        "label": "Size",
        "default": 16
      },
      {
        "type": "range",
        "id": "letter_spacing_nav",
        "min": -50,
        "max": 200,
        "step": 25,
        "label": "Letter spacing",
        "default": 0
      },
      {
        "type": "checkbox",
        "id": "uppercase_navigation",
        "label": "Uppercase",
        "default": false
      },
      {
        "type": "header",
        "content": "Store name"
      },
      {
        "type": "paragraph",
        "content": "Applied when a logo image is not added in the header settings"
      },
      {
        "type": "font_picker",
        "id": "type_logo_font",
        "label": "Font",
        "default": "cabin_n5"
      },
      {
        "type": "range",
        "id": "font_size_logo_int",
        "min": 16,
        "max": 50,
        "step": 2,
        "unit": "px",
        "label": "Size",
        "default": 24
      },
      {
        "type": "range",
        "id": "letter_spacing_logo",
        "min": -50,
        "max": 200,
        "step": 25,
        "label": "Letter spacing",
        "default": 0
      },
      {
        "type": "header",
        "content": "Uppercase"
      },
      {
        "type": "checkbox",
        "id": "uppercase_product_titles",
        "label": "Product titles",
        "default": false
      },
      {
        "type": "checkbox",
        "id": "uppercase_buttons",
        "label": "Buttons",
        "default": false
      }
    ]
  },
  {
    "name": "Animations",
    "settings": [
      {
        "type": "paragraph",
        "content": "Turning on animations can impact site speed scores."
      },
      {
        "type": "radio",
        "id": "animations_enabled",
        "label": "Animate text and images on scroll",
        "options": [
          {
            "value": "disabled",
            "label": "Disabled"
          },
          {
            "value": "mobile_desktop",
            "label": "Mobile and large screens"
          },
          {
            "value": "desktop",
            "label": "Large screens only"
          }
        ],
        "default": "mobile_desktop"
      },
      {
        "type": "select",
        "id": "animation_speed",
        "label": "Animation speed",
        "info": "Faster animations are less likely to impact site speed scores than slower ones.",
        "options": [
          {
            "value": "fast",
            "label": "Fast"
          },
          {
            "value": "medium",
            "label": "Medium"
          },
          {
            "value": "slow",
            "label": "Slow"
          }
        ],
        "default": "medium"
      },
      {
        "type": "checkbox",
        "id": "button_hover",
        "label": "Animate buttons on hover",
        "default": true
      }
    ]
  },
  {
    "name": "Layout",
    "settings": [
      {
        "type": "range",
        "id": "site_width",
        "min": 1300,
        "max": 2000,
        "step": 50,
        "unit": "px",
        "label": "Site width",
        "default": 1600
      },
      {
        "type": "header",
        "content": "Rounded corners"
      },
      {
        "type": "paragraph",
        "content": "This affects a number of visual elements including images and overlays."
      },
      {
        "type": "range",
        "id": "global_border_radius",
        "min": 0,
        "max": 30,
        "step": 5,
        "unit": "px",
        "label": "Radius",
        "info": "Use 0 for square edges",
        "default": 0
      },
      {
        "type": "header",
        "content": "Buttons"
      },
      {
        "type": "paragraph",
        "content": "This will affect all buttons across your store."
      },
      {
        "type": "range",
        "id": "button_border_radius",
        "min": 0,
        "max": 25,
        "step": 5,
        "unit": "px",
        "label": "Radius",
        "info": "Use 0 for square edges",
        "default": 0
      }
    ]
  },
  {
    "name": "Products",
    "settings": [
      {
        "type": "header",
        "content": "Grid"
      },
      {
        "type": "checkbox",
        "id": "hover_image_enabled",
        "label": "Show secondary image on hover",
        "default": false
      },
      {
        "type": "checkbox",
        "id": "sale_label_enabled",
        "label": "Show sale label",
        "default": true
      },
      {
        "type": "checkbox",
        "id": "sold_label_enabled",
        "label": "Show sold out label",
        "default": true
      },
      {
        "type": "select",
        "id": "product_grid_image_shape",
        "label": "Image shape",
        "options": [
          {
            "value": "natural",
            "label": "Natural"
          },
          {
            "value": "landscape-32",
            "label": "Landscape (3:2)"
          },
          {
            "value": "landscape-54",
            "label": "Landscape (5:4)"
          },
          {
            "value": "square",
            "label": "Square (1:1)"
          },
          {
            "value": "portrait-45",
            "label": "Portrait (4:5)"
          },
          {
            "value": "portrait-23",
            "label": "Portrait (2:3)"
          }
        ],
        "default": "natural"
      },
      {
        "type": "checkbox",
        "id": "prod_thumb_crop",
        "label": "Crop image to shape",
        "default": false
      },
      {
        "type": "select",
        "id": "prod_thumb_crop_align",
        "label": "Image alignment",
        "options": [
          {
            "value": "top",
            "label": "Top"
          },
          {
            "value": "center",
            "label": "Middle"
          },
          {
            "value": "bottom",
            "label": "Bottom"
          }
        ],
        "default": "center"
      },
      {
        "type": "header",
        "content": "Product ratings"
      },
      {
        "type": "paragraph",
        "content": "To show a rating, add a product rating app which supports Shopify's standard rating metafield."
      },
      {
        "type": "checkbox",
        "label": "Show rating in product grid",
        "id": "enable_product_reviews_collection",
        "default": true
      },
      {
        "type": "header",
        "content": "Product form"
      },
      {
        "type": "select",
        "id": "variant_style",
        "label": "Variant style",
        "info": "Choose how variants are presented",
        "options": [
          {
            "label": "Drop down",
            "value": "dropdown"
          },
          {
            "label": "Listed out",
            "value": "listed"
          }
        ],
        "default": "dropdown"
      },
      {
        "type": "checkbox",
        "id": "hide_unavailable_quantity_opts",
        "label": "Hide unavailable quantity options",
        "info": "If the inventory level for a product or variant is less than 10, this will hide quantity selector options above the inventory level.",
        "default": false
      }
    ]
  },
  {
    "name": "Quickbuy",
    "settings": [
      {
        "type": "header",
        "content": "Quick buy"
      },
      {
        "type": "checkbox",
        "id": "quickbuy_buttons_toggle",
        "label": "Enable quick buy in grid",
        "default": true
      },
      {
        "type": "checkbox",
        "id": "quickbuy_labels_toggle",
        "label": "Enable quick buy on product labels",
        "info": "Product labels are placed over slideshows and images",
        "default": true
      },
      {
        "type": "checkbox",
        "id": "show_tax_and_shipping",
        "label": "Show tax and shipping information",
        "default": false
      },
      {
        "type": "checkbox",
        "id": "quickbuy_show_quantity_selector",
        "label": "Show quantity selector",
        "default": true
      },
      {
        "type": "checkbox",
        "id": "quickbuy_show_backorder_text",
        "label": "Show backorder text",
        "default": true,
        "info": "Only shows for products which use Shopify inventory tracking and are available to purchase when out of stock."
      },
      {
        "type": "checkbox",
        "id": "enable_payment_button",
        "label": "Show dynamic checkout button",
        "info": "Each customer will see their preferred payment method from those available on your store, such as PayPal or Apple Pay. [Learn more](https://help.shopify.com/manual/using-themes/change-the-layout/dynamic-checkout)",
        "default": true
      },
      {
        "type": "checkbox",
        "id": "show_gift_card_recipient",
        "label": "Show recipient information form for gift card products.",
        "info": "Allow customers to send gift cards to a recipient along with a personal message. When enabled, the dynamic checkout button will be disabled for gift cards. [Learn more](https://help.shopify.com/manual/online-store/themes/customizing-themes/add-gift-card-recipient-fields)"
      }
    ]
  },
  {
    "name": "Swatches",
    "settings": [
      {
        "type": "paragraph",
        "content": "Swatches are small visual indicators that display the colors, patterns, and materials in which a product is available to customers. [Learn more](https://cleancanvas.co.uk/support/general/swatches)"
      },
      {
        "type": "checkbox",
        "id": "swatch_enabled_productpage",
        "label": "Enable swatches",
        "default": false
      },
      {
        "type": "text",
        "id": "swatch_option_name",
        "label": "Swatch option name",
        "default": "Color,Colour,Couleur,Farbe",
        "info": "Separate options with a comma."
      },
      {
        "type": "select",
        "id": "swatch_method",
        "label": "Swatch method",
        "default": "standard",
        "options": [
          {
            "value": "standard",
            "label": "Color list"
          },
          {
            "value": "image",
            "label": "Variant image"
          }
        ]
      },
      {
        "type": "textarea",
        "id": "swatch_value_list",
        "label": "Swatch color list",
        "placeholder": "Red:#ff0000\nWhite:#ffffff\nBlack:black.png\nRed Blue Stripes:#e22#22e",
        "info": "One color per line. Example: Red:#ff0000. Up to three colors can be used to show vertical stripes. Example: Red Blue Stripes:#e22#22e"
      },
      {
        "type": "paragraph",
        "content": "You may also [upload image files](\/admin\/settings\/files). Example: Light green:light-green.png"
      },
      {
        "type": "select",
        "id": "swatch_crop_align",
        "label": "Swatch image crop alignment",
        "default": "center",
        "options": [
          {
            "value": "top",
            "label": "Top"
          },
          {
            "value": "center",
            "label": "Middle"
          },
          {
            "value": "bottom",
            "label": "Bottom"
          }
        ]
      },
      {
        "type": "checkbox",
        "id": "swatch_enabled_grid",
        "label": "Enable swatches in product grid",
        "info": "Swatches must also be enabled above.",
        "default": false
      },
      {
        "type": "checkbox",
        "id": "swatch_enabled",
        "label": "Enable swatches in collection/search filters",
        "info": "Uses colors from the color list above. Swatches must also be enabled above.",
        "default": false
      },
      {
        "type": "range",
        "id": "swatch_size_filter",
        "label": "Swatch size in collection/search filters",
        "min": 20,
        "max": 40,
        "step": 2,
        "unit": "px",
        "default": 20
      }
    ]
  },
  {
    "name": "Social media",
    "settings": [
      {
        "type": "header",
        "content": "Accounts"
      },
      {
        "type": "text",
        "id": "social_facebook_url",
        "label": "Facebook",
        "info": "https:\/\/facebook.com\/shopify"
      },
      {
        "type": "text",
        "id": "social_youtube_url",
        "label": "YouTube",
        "info": "https:\/\/youtube.com\/user\/shopify"
      },
      {
        "type": "text",
        "id": "social_instagram_url",
        "label": "Instagram",
        "info": "https:\/\/instagram.com\/shopify"
      },
      {
        "type": "text",
        "id": "social_whatsapp_url",
        "label": "WhatsApp",
        "info": "https:\/\/api.whatsapp.com\/send?phone=1234"
      },
      {
        "type": "text",
        "id": "social_tiktok_url",
        "label": "TikTok",
        "info": "https:\/\/tiktok.com\/@shopify?"
      },
      {
        "type": "text",
        "id": "social_snapchat_url",
        "label": "Snapchat",
        "info": "https:\/\/story.snapchat.com\/p\/shopify"
      },
      {
        "type": "text",
        "id": "social_pinterest_url",
        "label": "Pinterest",
        "info": "https:\/\/pinterest.com\/shopify"
      },
      {
        "type": "text",
        "id": "social_twitter_url",
        "label": "X (formerly Twitter)",
        "info": "https:\/\/x.com\/shopify"
      },
      {
        "type": "select",
        "id": "social_twitter_icon",
        "label": "X icon",
        "default": "x",
        "options": [
          {
            "value": "x",
            "label": "X"
          },
          {
            "value": "bird",
            "label": "Bird"
          }
        ]
      },
      {
        "type": "text",
        "id": "social_linkedin_url",
        "label": "LinkedIn",
        "info": "https:\/\/www.linkedin.com\/company\/shopify"
      },
      {
        "type": "text",
        "id": "social_wechat_url",
        "label": "WeChat",
        "info": "weixin://dl/chat?shopify"
      },
      {
        "type": "text",
        "id": "social_vimeo_url",
        "label": "Vimeo",
        "info": "https:\/\/vimeo.com\/shopify"
      },
      {
        "type": "text",
        "id": "social_tumblr_url",
        "label": "Tumblr",
        "info": "https:\/\/www.tumblr.com\/shopify"
      },
      {
        "type": "text",
        "id": "social_twitch_url",
        "label": "Twitch",
        "info": "https:\/\/www.twitch.tv\/shopify"
      },
      {
        "type": "text",
        "id": "social_spotify_url",
        "label": "Spotify",
        "info": "https:\/\/open.spotify.com\/artist\/shopify"
      },
      {
        "type": "text",
        "id": "social_discord_url",
        "label": "Discord",
        "info": "https://discord.com/servers/shopify"
      },
      {
        "type": "text",
        "id": "social_mastodon_url",
        "label": "Mastodon",
        "info": "https://mastodon.social/@shopify"
      },
      {
        "type": "text",
        "id": "social_threads_url",
        "label": "Threads",
        "info": "https://www.threads.net/@shopify"
      },
      {
        "type": "header",
        "content": "Custom link",
        "info": "Upload a custom icon for your favorite social network. Use a square png file for best results."
      },
      {
        "type": "image_picker",
        "id": "social_custom_icon_footer",
        "label": "Icon in footer"
      },
      {
        "type": "image_picker",
        "id": "social_custom_icon_mobile",
        "label": "Icon in mobile menu"
      },
      {
        "type": "image_picker",
        "id": "social_custom_icon",
        "label": "Icon in popup and password page"
      },
      {
        "type": "text",
        "id": "social_custom_url",
        "label": "Link"
      }
    ]
  },
  {
    "name": "Cart",
    "settings": [
      {
        "type": "select",
        "id": "on_add_to_cart",
        "label": "Add to cart action",
        "options": [
          {
            "value": "ajax",
            "label": "Show modal"
          },
          {
            "value": "add_and_redirect",
            "label": "Go to cart page (with quantity check)"
          },
          {
            "value": "go_to_cart",
            "label": "Go to cart page (JS disabled)"
          }
        ],
        "default": "ajax"
      }
    ]
  },
  {
    "name": "Search",
    "settings": [
      {
        "type": "select",
        "id": "search_type",
        "label": "Search only",
        "info": "Applies to the 'Search suggestions' (below) and the search page.",
        "default": "product",
        "options": [
          {
            "value": "product",
            "label": "Products"
          },
          {
            "value": "product,page",
            "label": "Products and pages"
          },
          {
            "value": "product,article",
            "label": "Products and articles"
          },
          {
            "value": "product,article,page",
            "label": "Products, articles and pages"
          }
        ]
      },
      {
        "type": "header",
        "content": "Search suggestions"
      },
      {
        "type": "paragraph",
        "content": "As you type in the header search box, suggestions will be shown in a dropdown."
      },
      {
        "type": "checkbox",
        "id": "enable_live_search",
        "label": "Enable search suggestions",
        "default": true
      },
      {
        "type": "checkbox",
        "id": "live_search_show_price",
        "label": "Show price",
        "default": true
      },
      {
        "type": "checkbox",
        "id": "live_search_show_vendor",
        "label": "Show vendor",
        "default": false
      },
      {
        "type": "checkbox",
        "id": "live_search_search_meta",
        "label": "Search tags and skus",
        "info": "May improve search speed when disabled",
        "default": true
      }
    ]
  },
  {
    "name": "Favicon",
    "settings": [
      {
        "type": "image_picker",
        "id": "favicon",
        "label": "Favicon image",
        "info": "48px x 48px .png recommended"
      }
    ]
  },
  {
    "name": "Currency format",
    "settings": [
      {
        "type": "header",
        "content": "Currency codes"
      },
      {
        "type": "paragraph",
        "content": "Example: $1.00 USD. Itemized, unit and installment prices do not show these."
      },
      {
        "type": "checkbox",
        "id": "product_currency_code_enabled",
        "label": "Show on product prices",
        "default": false
      },
      {
        "type": "checkbox",
        "id": "cart_currency_code_enabled",
        "label": "Show on totals",
        "info": "Applies to cart, drawer, order summary and gift card",
        "default": false
      }
    ]
  }
]
