{"type":"header","name":"Header Group","sections":{"announcement-bar":{"type":"announcement-bar","settings":{"home_only_announcement_bar":false,"announcement_bar_text":"Free Domestic Shipping for orders over $75.00","announcement_bar_col":"#286070","announcement_bar_grad":"","announcement_text_col":"#ffffff"}},"header":{"type":"header","blocks":{"menu_promo_XVwrP7":{"type":"menu_promo","settings":{"dropdown_link_title":"","text":"","link_text":"","link_url":""}}},"block_order":["menu_promo_XVwrP7"],"settings":{"logo":"shopify:\/\/shop_images\/FSG-Main_Logo.png","logo_width":100,"desktop_layout":"left","show_search_bar_desktop":true,"show_search_bar_mobile":true,"logo_position_mobile":"own_row","dock_nav":true,"cart_icon":"shopping-bag","main_linklist":"main-menu","show_country_selector":true,"show_language_selector":true,"show_messages":true,"home_only_messages":false,"slideshow_messages":false,"message_1_text":"","message_1_url":"","message_2_text":"","message_2_url":"","message_3_text":"","message_3_url":""}}},"order":["announcement-bar","header"]}