{"sections":{"main":{"type":"main-page","settings":{"show_title":true,"title_alignment":"center"}},"slideshow_cRHbLr":{"type":"slideshow","blocks":{"image_PhMi3Q":{"type":"image","settings":{"image":"shopify:\/\/shop_images\/Sizing_34_Width_Small_Collar_up_to_12_neck_6_to_15_lbs._Medium_Collar_10_to_15_neck_same_circumference_as_1_Width_Small_Collar_just_thinner_15_to_25_lbs._Medium_Harness_13_to_23_lb_1.svg","image_link":"","color_overlay_bg":"#ffffff","overlay_opacity":80,"color_overlay_text":"#333333","text_alignment":"center","overlay_position_x":50,"overlay_position_y":80,"overlay_title":"","enlarge_title":false,"overlay_title_width":100,"styled_words":"","words_style":"stencil","highlight_words_top":10,"highlight_color":"#ffffff","styled_word_color":"#b5e0fa","overlay_text":"","enlarge_text":false,"overlay_url_text_1":"","overlay_url_1":"","overlay_url_text_2":"","overlay_url_2":"","overlay_url_style":"button_1","color_label_background":"#ffffff","color_label_text":"#333333","show_chevron":true,"product_id_1":"","chevron_position_1":"right","label_position_x_1":20,"label_position_y_1":30,"product_id_2":"","chevron_position_2":"right","label_position_x_2":80,"label_position_y_2":50}},"image_H7qpQH":{"type":"image","disabled":true,"settings":{"image_link":"","color_overlay_bg":"#ffffff","overlay_opacity":80,"color_overlay_text":"#333333","text_alignment":"center","overlay_position_x":50,"overlay_position_y":80,"overlay_title":"Slideshow","enlarge_title":false,"overlay_title_width":100,"styled_words":"","words_style":"stencil","highlight_words_top":10,"highlight_color":"#ffffff","styled_word_color":"#b5e0fa","overlay_text":"Use this section to welcome customers to your store, show off your images or display a promotion","enlarge_text":false,"overlay_url_text_1":"","overlay_url_1":"","overlay_url_text_2":"","overlay_url_2":"","overlay_url_style":"button_1","color_label_background":"#ffffff","color_label_text":"#333333","show_chevron":true,"product_id_1":"","chevron_position_1":"right","label_position_x_1":20,"label_position_y_1":30,"product_id_2":"","chevron_position_2":"right","label_position_x_2":80,"label_position_y_2":50}}},"block_order":["image_PhMi3Q","image_H7qpQH"],"settings":{"height":"adapt","height_desktop":600,"height_mobile":500,"mobile_text_below":true,"slide_transition":"fade","slideshow_autoplay":true,"slideshow_autoplay_speed":6}}},"order":["main","slideshow_cRHbLr"]}