{"sections":{"main":{"type":"main-page","disabled":true,"settings":{"show_title":false,"title_alignment":"center"}},"1709631943924a6b9c":{"type":"apps","blocks":{"hulk_form_builder_form_block_qLqxPM":{"type":"shopify:\/\/apps\/hulk-form-builder\/blocks\/form-block\/b6b8dd14-356b-4725-a4ed-77232212b3c3","settings":{"form_uuid":"6wNf2NDFHRtSyxUYhSMkFA","form_settings":false,"font_color":"#000000","size":14,"input_background_color":"#ffffff","input_background_color_focus":"#f4dada","input_border_radius":1,"input_border_color":"#ebe9e9","input_border_color_focus":"#2d2727","input_font_color":"#3d3131","input_size":14,"border_color":"#121212","border_radius":2,"border":1,"fill_color":"#ebe9e9","padding":35,"form_width":600,"btn_text":"Submit","sub_btn_txt_color":"#f3f3f3","sub_btn_bg_color":"#3f3333","sub_btn_font_size":14,"sub_btn_bdr_color":"#ffffff","sub_btn_bdr_rad":3,"sub_btn_bdr_width":1,"fonts":"Times New Roman"}}},"block_order":["hulk_form_builder_form_block_qLqxPM"],"custom_css":[],"settings":{}}},"order":["main","1709631943924a6b9c"]}