{"sections":{"main":{"type":"main-contact","blocks":{"name":{"type":"name_input","settings":{}},"email":{"type":"email_input","settings":{}},"message":{"type":"message_input","settings":{}}},"block_order":["name","email","message"],"settings":{"show_title":true,"title_alignment":"center","use_columns":true}},"image_with_text_bBewaq":{"type":"image-with-text","settings":{"image":"shopify:\/\/shop_images\/Screenshot_2024-03-02_at_10.23.10a__AM.png","image_link":"","image_size":"30","image_position":"left","title":"Image with text","text":"<p>Advertise a sale! Or tell your shoppers something about yourself.<\/p>","button_label":"Optional button","button_link":"","url_style":"button_1","enlarge_title":false,"enlarge_text":false,"text_alignment":"center","color_text":"#333333","color_bg":"#dae4e6","gradient_bg":""}}},"order":["main","image_with_text_bBewaq"]}