{"sections":{"slideshow":{"type":"slideshow","blocks":{"slide-0":{"type":"image","settings":{"image":"shopify:\/\/shop_images\/IMG_5924-scaled_6c141237-cc0f-44e2-9cc8-3f4c70730693.jpg","image_link":"","color_overlay_bg":"#ffffff","overlay_opacity":80,"color_overlay_text":"#333333","text_alignment":"center","overlay_position_x":50,"overlay_position_y":70,"overlay_title":"","enlarge_title":true,"overlay_title_width":94,"styled_words":"","words_style":"stencil","highlight_words_top":10,"highlight_color":"#ffffff","styled_word_color":"#b5e0fa","overlay_text":"","enlarge_text":false,"overlay_url_text_1":"","overlay_url_1":"","overlay_url_text_2":"","overlay_url_2":"","overlay_url_style":"button_1","color_label_background":"#ffffff","color_label_text":"#333333","show_chevron":true,"product_id_1":"","chevron_position_1":"right","label_position_x_1":20,"label_position_y_1":30,"product_id_2":"","chevron_position_2":"right","label_position_x_2":80,"label_position_y_2":50}},"image_FQnNTy":{"type":"image","settings":{"image":"shopify:\/\/shop_images\/IMG_6112-1-scaled_94e022b5-4fa7-4cfd-8ebf-93f5a9152712.jpg","image_link":"shopify:\/\/collections","color_overlay_bg":"#ffffff","overlay_opacity":80,"color_overlay_text":"#333333","text_alignment":"center","overlay_position_x":50,"overlay_position_y":80,"overlay_title":"Collar Couture","enlarge_title":false,"overlay_title_width":100,"styled_words":"","words_style":"highlight","highlight_words_top":10,"highlight_color":"#ffffff","styled_word_color":"#171717","overlay_text":"\"Let your Dog's style Shine with a Special Collar That Reflects Their Unique Personality!\"","enlarge_text":true,"overlay_url_text_1":"","overlay_url_1":"","overlay_url_text_2":"","overlay_url_2":"","overlay_url_style":"button_1","color_label_background":"#ffffff","color_label_text":"#333333","show_chevron":true,"product_id_1":"","chevron_position_1":"right","label_position_x_1":20,"label_position_y_1":30,"product_id_2":"","chevron_position_2":"right","label_position_x_2":80,"label_position_y_2":50}}},"block_order":["slide-0","image_FQnNTy"],"settings":{"height":"fixed","height_desktop":800,"height_mobile":500,"mobile_text_below":true,"slide_transition":"fade","slideshow_autoplay":true,"slideshow_autoplay_speed":6}},"collection_list_aDVBKX":{"type":"collection-list","disabled":true,"settings":{"title":"","enlarge_title":false,"collection_list":["bandanas","beds","sweaters","toys"],"grid":4}},"scrolling-banner":{"type":"scrolling-banner","blocks":{"scrolling-block-0":{"type":"text","settings":{"text":"Your dogs collar is their only true accessory, make it special.","use_custom_color":false,"color":"#230051","font":"heading","link":"","use_h1":false,"stencil_all_text":false,"stencil_text":"Spring into a New Collar & Lead"}}},"block_order":["scrolling-block-0"],"settings":{"text_size":50,"vertical_padding":20,"full_width":true,"speed":14,"direction":"left","space":50,"color_bg":"#ecf1f2","gradient_bg":""}},"featured-collection":{"type":"featured-collection","settings":{"title":"Just Arrived","enlarge_title":true,"link_text":"Shop now","collection":"1-width-collars","show_vendor":false,"enable_carousel":false,"grid":4,"row_count":1,"grid_mobile":"2"}},"promo-images":{"type":"promotional-images","blocks":{"image-0":{"type":"image","settings":{"image":"shopify:\/\/shop_images\/DSC_0534_1.jpg","image_link":"shopify:\/\/collections\/1-width-leads","layout":"image_before","color_text":"#333333","color_bg":"#dae4e6","gradient_bg":"","overlay_opacity":80,"title":"<p>We have 5-foot leads that match both our 1 inch and 3\/4-inch width collars.  If you don't like a matchy\/matchy vibe grab a solid lead or find a complimentary design!<\/p><p>Our products are made with love in San Francisco Ca<\/p>","offer":"Leads","url_text":"Leads","url":"shopify:\/\/collections\/1-width-leads","url_style":"button_1","enlarge_title":false,"enlarge_text":false}},"image-1":{"type":"image","settings":{"image":"shopify:\/\/shop_images\/IMG_0006.jpg","image_link":"shopify:\/\/collections\/beds","layout":"image_after","color_text":"#333333","color_bg":"#dae4e6","gradient_bg":"","overlay_opacity":80,"title":"<p>From the couch, crate, or car our blankets are perfect anyplace your pup wants to snuggle <\/p>","offer":"Blanket Beds","url_text":"Blankets","url":"shopify:\/\/collections\/beds","url_style":"button_1","enlarge_title":false,"enlarge_text":false}}},"block_order":["image-0","image-1"],"settings":{}},"rich-text":{"type":"rich-text","settings":{"title":"Made in San Francisco, CA for 20 years","text":"<p>We started our Big Sister Brand Bella Bean Couture in 2004 and Finnegan's was born 12 years later. We support a local factory of women sewers that hand make all our collars, harness, leads, bandanas and blankets. <\/p>","button_label":"","button_link":"shopify:\/\/collections\/1-width-collars","url_style":"button_1","enlarge_title":false,"enlarge_text":false,"full_width":false,"color_title":"#333333","color_text":"#333333","color_bg":"#ecf1f2","gradient_bg":""}},"standout-collection":{"type":"standout-collection","settings":{"collection":"spring","color_text":"#333333","color_bg":"#dae4e6","gradient_bg":"","alternative_image":"shopify:\/\/shop_images\/DSC_0208.jpg","layout":"left","show_vendor":false,"color_overlay_bg":"#ffffff","overlay_opacity":80,"color_overlay_text":"#333333","overlay_url_text":"Shop now","url_style":"button_1","enlarge_title":false,"overlay_position_y":70,"color_label_background":"#ffffff","color_label_text":"#333333","product_id":"","show_chevron":true,"chevron_position":"right","label_position_x":10,"label_position_y":30}},"multi-column":{"type":"multi-column","blocks":{"column-0":{"type":"text_block","settings":{"enable_image":true,"image":"shopify:\/\/shop_images\/IMG_6100-scaled.jpg","image_width":90,"enable_icon":false,"icon":"award","icon_size":48,"icon_color":"","title":"Sweaters & Jackets","text":"","button_label":"shop","button_link":"shopify:\/\/collections\/jackets","enlarge_title":false,"enlarge_text":false}},"column-1":{"type":"text_block","settings":{"enable_image":true,"image":"shopify:\/\/shop_images\/DSC_0648.jpg","image_width":100,"enable_icon":false,"icon":"award","icon_size":48,"icon_color":"","title":"Toys & Treats","text":"<p>Remember your pup will be very happy you add a toy or <a href=\"\/collections\/toys\" title=\"Toys\">treat!<\/a><\/p>","button_label":"shop","button_link":"shopify:\/\/collections\/toys","enlarge_title":false,"enlarge_text":false}},"column-2":{"type":"text_block","settings":{"enable_image":true,"image":"shopify:\/\/shop_images\/DSC_0449_1.jpg","image_width":100,"enable_icon":false,"icon":"award","icon_size":48,"icon_color":"","title":"Shop all items","text":"<p>All of our treasures in one place<\/p>","button_label":"shop","button_link":"shopify:\/\/collections\/all","enlarge_title":false,"enlarge_text":false}}},"block_order":["column-0","column-1","column-2"],"settings":{"title":"Multi-column","enlarge_title":false,"text_alignment":"center","url_style":"button_1","enable_custom_colors":false,"color_title":"","color_text":"","color_bg":"","gradient_bg":""}},"product_list_pDBeA3":{"type":"product-list","disabled":true,"settings":{"title":"Collars, Leads & Harnesses","enlarge_title":false,"link_text":"Visit our shop to see Solids, Plaids, Stripes & Whymsical Designs","link_url":"","product_list":["1-dutch-blue-plaid-lead","mauve-love-sweater","1viggo-stripes-collar-copy","1-white-hearts-lead","1viggo-stripes-collar","1-viggo-stripes-lead","checkers-in-pinks-sweater","1ny-coffee-cup-collar","3-4-millie-fiori-collar","3-4-millie-fiori-lead","1ny-coffee-cup-lead","1-millie-fiori-lead"],"show_vendor":false,"enable_carousel":false,"grid":4,"grid_mobile":"2"}},"image-with-text":{"type":"image-with-text","settings":{"image":"shopify:\/\/shop_images\/3-4-Tie-Dye-Harness.jpg","image_link":"","image_size":"30","image_position":"left","title":"Step-In Style Harness","text":"<p>Perfect way to walk your pup- our harnesses are soft, comfortable and a stylish statement.  <\/p>","button_label":"Shop","button_link":"shopify:\/\/collections\/3-4-width-harnesses","url_style":"button_1","enlarge_title":false,"enlarge_text":false,"text_alignment":"center","color_text":"#333333","color_bg":"#dae4e6","gradient_bg":""}},"collection-list":{"type":"collection-list","settings":{"title":"Collection list","enlarge_title":true,"collection_list":["big-dogs","little-dogs"],"grid":2}},"featured-blog":{"type":"featured-blog","settings":{"heading_image":"shopify:\/\/shop_images\/3B0B6FE9-6A1A-4819-862C-10D41665998D.jpg","title":"Blog","description":"All things Dog & Design","color_overlay_bg":"#ffffff","overlay_opacity":80,"color_overlay_text":"#333333","show_view_all":true,"overlay_url_style":"button_1","enlarge_title":false,"enlarge_text":false,"overlay_position_y":70,"blog":"dogs","post_limit":4,"show_author":true,"show_date":true,"show_tags":true,"show_featured_products":true}},"image_with_text_overlay_pUJwef":{"type":"image-with-text-overlay","disabled":true,"settings":{"image":"shopify:\/\/shop_images\/IMG_5962-1-scaled.jpg","image_link":"","height":"fixed","height_desktop":540,"height_mobile":500,"color_overlay_bg":"#ffffff","overlay_opacity":80,"color_overlay_text":"#333333","text_alignment":"center","overlay_position_x":50,"overlay_position_y":70,"mobile_text_below":false,"overlay_title":"Image with text overlay","enlarge_title":false,"overlay_title_width":100,"styled_words":"","words_style":"stencil","highlight_words_top":9,"highlight_color":"#ffffff","styled_word_color":"#b5e0fa","overlay_text":"Use this section to welcome customers to your store, show off your images or display a promotion","enlarge_text":false,"overlay_url_text_1":"Instagram","overlay_url_1":"","overlay_url_text_2":"","overlay_url_2":"","overlay_url_style":"button_1","color_label_background":"#ffffff","color_label_text":"#333333","show_chevron":true,"product_id_1":"","chevron_position_1":"right","label_position_x_1":20,"label_position_y_1":30,"product_id_2":"","chevron_position_2":"right","label_position_x_2":80,"label_position_y_2":50}},"testimonials_U7x4bR":{"type":"testimonials","blocks":{"testimonial_4je6DV":{"type":"testimonial","settings":{"star_rating":5,"testimonial":"<p>We couldn't be more pleased, the products and services are absolutely fantastic!<\/p>","author":""}},"testimonial_FpG4Tt":{"type":"testimonial","settings":{"star_rating":5,"testimonial":"<p>We couldn't be more pleased, the products and services are absolutely fantastic!<\/p>","author":""}},"testimonial_AVBExC":{"type":"testimonial","settings":{"star_rating":5,"testimonial":"<p>We couldn't be more pleased, the products and services are absolutely fantastic!<\/p>","author":""}}},"block_order":["testimonial_4je6DV","testimonial_FpG4Tt","testimonial_AVBExC"],"disabled":true,"settings":{"title":"Testimonials","color_title":"#333333","color_text":"#333333","color_bg":"#ecf1f2","gradient_bg":"","color_star":"#fcdb08","enlarge_title":false,"enlarge_text":false,"autoplay":false,"autoplay_speed":6,"circle_images":false}},"featured_collection_9Fegrw":{"type":"featured-collection","disabled":true,"settings":{"title":"Featured collection","enlarge_title":false,"link_text":"Shop now","collection":"","show_vendor":false,"enable_carousel":false,"grid":4,"row_count":1,"grid_mobile":"2"}},"image_with_text_Ezmady":{"type":"image-with-text","disabled":true,"settings":{"image":"shopify:\/\/shop_images\/DSC_0208.jpg","image_link":"","image_size":"0","image_position":"right","title":"ABOUT US","text":"<p>Finnegan’s Standard Goods is the sister brand of Bella Bean Couture, created by owner Michelle.<\/p><p>You may be wondering why the brand is called No. 3. There are a couple of reasons for this. First, Finnegan was the third pup Michelle owned when the brand was launched.<\/p><p>Additionally, the number 3 holds symbolic meaning, representing concepts like Heart, Brain, and Body, as well as Past, Present, and Future. It is our hope that your furry companion will experience the protection and spirit embodied by the No.3.<\/p>","button_label":"Know More","button_link":"shopify:\/\/pages\/about","url_style":"button_1","enlarge_title":false,"enlarge_text":false,"text_alignment":"left","color_text":"#333333","color_bg":"#cec2b4","gradient_bg":""}},"multi_column_f9X3E8":{"type":"multi-column","blocks":{"text_block_EgMbqT":{"type":"text_block","settings":{"enable_image":true,"image":"shopify:\/\/shop_images\/1.jpg","image_width":100,"enable_icon":false,"icon":"award","icon_size":48,"icon_color":"","title":"","text":"","button_label":"","button_link":"","enlarge_title":false,"enlarge_text":false}},"text_block_PWAg8K":{"type":"text_block","settings":{"enable_image":true,"image":"shopify:\/\/shop_images\/2.jpg","image_width":100,"enable_icon":false,"icon":"award","icon_size":48,"icon_color":"","title":"","text":"","button_label":"","button_link":"","enlarge_title":false,"enlarge_text":false}},"text_block_TtKMBA":{"type":"text_block","settings":{"enable_image":true,"image":"shopify:\/\/shop_images\/3.jpg","image_width":100,"enable_icon":false,"icon":"award","icon_size":48,"icon_color":"","title":"","text":"","button_label":"","button_link":"","enlarge_title":false,"enlarge_text":false}},"text_block_NbzeTJ":{"type":"text_block","settings":{"enable_image":true,"image":"shopify:\/\/shop_images\/4.jpg","image_width":100,"enable_icon":false,"icon":"award","icon_size":48,"icon_color":"","title":"","text":"","button_label":"","button_link":"","enlarge_title":false,"enlarge_text":false}}},"block_order":["text_block_EgMbqT","text_block_PWAg8K","text_block_TtKMBA","text_block_NbzeTJ"],"settings":{"title":"FOLLOW US ON INSTAGRAM","enlarge_title":false,"text_alignment":"center","url_style":"button_1","enable_custom_colors":false,"color_title":"","color_text":"","color_bg":"","gradient_bg":""}}},"order":["slideshow","collection_list_aDVBKX","scrolling-banner","featured-collection","promo-images","rich-text","standout-collection","multi-column","product_list_pDBeA3","image-with-text","collection-list","featured-blog","image_with_text_overlay_pUJwef","testimonials_U7x4bR","featured_collection_9Fegrw","image_with_text_Ezmady","multi_column_f9X3E8"]}