{"sections":{"main":{"type":"main-product","blocks":{"title_and_price":{"type":"title_and_price","settings":{"show_tax_and_shipping":false}},"vendor":{"type":"vendor","settings":{}},"type":{"type":"type","settings":{}},"variant_picker":{"type":"variant_picker","settings":{"size_chart_enabled":false,"size_chart_option_name":"Size","size_chart_page_id":""}},"buy_buttons":{"type":"buy_buttons","settings":{"show_quantity_selector":true,"enable_payment_button":true,"show_gift_card_recipient":false,"show_pickup_availability":true,"show_backorder_text":true,"show_inventory_notice":"never","show_inventory_count":"low","inventory_notice_threshold":10}},"description":{"type":"description","settings":{"full_width":false,"show_tabs":false,"tab_direction":"horizontal","icon_1":"","tab_1_title":"Description","icon_2":"","tab_2_title":"","tab_2_content":"","tab_2_page":"","icon_3":"","tab_3_title":"","tab_3_content":"","tab_3_page":""}},"sharing":{"type":"sharing","settings":{}}},"block_order":["title_and_price","vendor","type","variant_picker","buy_buttons","description","sharing"],"settings":{"enable_sticky_media":true,"media_size":"medium","media_layout":"list","enable_video_looping":false}},"featured_product_r86mzf":{"type":"featured-product","settings":{"product":"1-tulum-baja-lead","image_size":"30","description":"<p>All out leads are made with cotton webbing and a brass clip.  The are 5 feet long. Made in the USA<\/p>","show_vendor":false,"url_style":"button_1","enlarge_title":false,"enlarge_text":false,"section_text_colour":"#333333","color_bg":"#dae4e6","gradient_bg":"","enable_video_looping":false,"layout":"image_before"}},"recommendations":{"type":"product-recommendations","settings":{"show_product_recommendations":true,"title":"You may also like","grid":4,"show_vendor":false}},"recent":{"type":"recently-viewed","settings":{"show_recently_viewed":false,"show_vendor":false}}},"order":["main","featured_product_r86mzf","recommendations","recent"]}